head_id,score,head_label,in_testing
39675,18.73590850830078,Compound::MESH:D012643,False
23059,18.41082000732422,Compound::DB01118,False
22384,17.62725830078125,Compound::DB00437,False
31575,17.167316436767578,Compound::DB13600,False
30209,15.691157341003418,Compound::DB11820,False
30337,15.273847579956055,Compound::DB11989,False
39787,14.638421058654785,Compound::MESH:D014274,False
