head_id,score,head_label,in_testing
31575,-2.5071284770965576,Compound::DB13600,False
23059,-3.01476788520813,Compound::DB01118,False
39675,-3.15810227394104,Compound::MESH:D012643,False
22384,-3.3743438720703125,Compound::DB00437,False
30209,-3.5707640647888184,Compound::DB11820,False
39787,-4.011236667633057,Compound::MESH:D014274,False
30337,-4.1140265464782715,Compound::DB11989,False
