head_id,score,head_label,in_testing
39787,-9.256446838378906,Compound::MESH:D014274,False
22384,-9.334837913513184,Compound::DB00437,False
23059,-9.497640609741211,Compound::DB01118,False
30209,-10.17123031616211,Compound::DB11820,False
31575,-10.589315414428711,Compound::DB13600,False
39675,-10.65933609008789,Compound::MESH:D012643,False
30337,-12.236185073852539,Compound::DB11989,False
