head_id,score,head_label,in_testing
23059,1.030465841293335,Compound::DB01118,False
22384,1.0251237154006958,Compound::DB00437,False
39675,0.9919582009315491,Compound::MESH:D012643,False
30337,0.8991254568099976,Compound::DB11989,False
31575,0.6385188698768616,Compound::DB13600,False
30209,0.5334076285362244,Compound::DB11820,False
39787,-0.16922560334205627,Compound::MESH:D014274,False
