head_id,score,head_label,in_testing
39675,0.7899008989334106,Compound::MESH:D012643,False
23059,0.755574643611908,Compound::DB01118,False
22384,0.6261438727378845,Compound::DB00437,False
31575,0.4482578635215759,Compound::DB13600,False
30337,0.439052551984787,Compound::DB11989,False
30209,0.2611866891384125,Compound::DB11820,False
39787,-0.045698054134845734,Compound::MESH:D014274,False
