head_id,score,head_label,in_testing
39675,-12.551199913024902,Compound::MESH:D012643,False
22384,-13.235487937927246,Compound::DB00437,False
39787,-13.67286491394043,Compound::MESH:D014274,False
30209,-14.012494087219238,Compound::DB11820,False
23059,-14.519314765930176,Compound::DB01118,False
30337,-14.53724479675293,Compound::DB11989,False
31575,-14.840876579284668,Compound::DB13600,False
