head_id,score,head_label,in_testing
39787,3.6333367824554443,Compound::MESH:D014274,False
39675,3.436343193054199,Compound::MESH:D012643,False
31575,2.6480472087860107,Compound::DB13600,False
30209,2.5609893798828125,Compound::DB11820,False
22384,2.41878342628479,Compound::DB00437,False
23059,2.220872640609741,Compound::DB01118,False
30337,1.4705216884613037,Compound::DB11989,False
