head_id,score,head_label,in_testing
22384,-1.762249231338501,Compound::DB00437,False
23059,-2.116044521331787,Compound::DB01118,False
39675,-2.528247356414795,Compound::MESH:D012643,False
31575,-3.1502151489257812,Compound::DB13600,False
30209,-3.226982355117798,Compound::DB11820,False
30337,-3.318342447280884,Compound::DB11989,False
39787,-3.643369197845459,Compound::MESH:D014274,False
